Coldplay,https://www.concertarchives.org/bands/coldplay
Radiohead,https://www.concertarchives.org/bands/radiohead
Red Hot Chili Peppers,https://www.concertarchives.org/bands/red-hot-chili-peppers
Rihanna,https://www.concertarchives.org/bands/rihanna
Eminem,https://www.concertarchives.org/bands/eminemColdplay,https://www.concertarchives.org/bands/coldplay
Red Hot Chili Peppers,https://www.concertarchives.org/bands/red-hot-chili-peppers
Eminem,https://www.concertarchives.org/bands/eminem
Coldplay,https://www.concertarchives.org/bands/coldplay
Radiohead,https://www.concertarchives.org/bands/radiohead
Red Hot Chili Peppers,https://www.concertarchives.org/bands/red-hot-chili-peppers
Rihanna,https://www.concertarchives.org/bands/rihanna
Eminem,https://www.concertarchives.org/bands/eminem
